Achatina,Achatina,Achatina_Character_BP_C
Allosaurus,Allo,Allo_Character_BP_C
Ammonite,Ammonite,Ammonite_Character_C
Anglerfish,Angler,Angler_Character_BP_C
Ankylosaurus,Anky,Ankylo_Character_BP_C
Araneo,Spider,SpiderS_Character_BP_C
Archaeopteryx,Archa,Archa_Character_BP_C
Argentavis,Argent,Argent_Character_BP_C
Arthropluera,Arthro,Arthro_Character_BP_C
Baryonyx,Baryonyx,Baryonyx_Character_BP_C
Basilosaurus,Basilosaurus,Basilosaurus_Character_BP_C
Beelzebufo,Toad,Toad_Character_BP_C
Brontosaurus,Bronto,Sauropod_Character_BP_C
Carbonemys,Turtle,Turtle_Character_BP_C
Carnotaurus,Carno,Carno_Character_BP_C
Castoroides,Beaver,Beaver_Character_BP_C
Chalicotherium,Chalicotherium,Chalico_Character_BP_C
Cnidaria,Cnidaria,Cnidaria_Character_BP_C
Coelacanth,Coel,Coel_Character_BP_C
Compy,Compy,Compy_Character_BP_C
Daeodon,Daeodon,Daeodon_Character_BP_C
Dilophosaur,Dilo,Dilo_Character_BP_C
Dimetrodon,Dimetro,Dimetro_Character_BP_C
Dimorphodon,Dimorph,Dimorph_Character_BP_C
Diplocaulus,Diplocaulus,Diplocaulus_Character_BP_C
Diplodocus,Diplo,Diplodocus_Character_BP_C
Dire Bear,Direbear,Direbear_Character_BP_C
Direwolf,Direwolf,Direwolf_Character_BP_C
Diseased Leech,Leech,Leech_Character_Diseased_C
Dodo,Dodo,Dodo_Character_BP_C
Doedicurus,Doed,Doed_Character_BP_C
Dung Beetle,Beetle,DungBeetle_Character_BP_C
Dunkleosteus,Dunkle,Dunkle_Character_BP_C
Electrophorus,Eel,Eel_Character_BP_C
Equus,Equus,Equus_Character_BP_C
Eurypterid,Euryp,Euryp_Character_C
Gallimimus,Galli,Galli_Character_BP_C
Giant Bee,Bee,Bee_Character_BP_C
Giganotosaurus,Gigant,Gigant_Character_BP_C
Gigantopithecus,Bigfoot,Bigfoot_Character_BP_C
Hesperornis,Hesperornis,Hesperornis_Character_BP_C
Hyaenodon,Hyaenodon,Hyaenodon_Character_BP_C
Ichthyornis,Ichthyornis,Ichthyornis_Character_BP_C
Ichthyosaurus,Dolphin,Dolphin_Character_BP_C
Iguanodon,Iguanodon,Iguanodon_Character_BP_C
Kairuku,Kairu,Kairuku_Character_BP_C
Kaprosuchus,Kaprosuchus,Kaprosuchus_Character_BP_C
Kentrosaurus,Kentro,Kentro_Character_BP_C
Leech,Leech,Leech_Character_C
Leedsichthys,Leedsichthys,Leedsichthys_Character_BP_C
Liopleurodon,Liopleurodon,Liopleurodon_Character_BP_C
Lystrosaurus,Lystro,Lystro_Character_BP_C
Mammoth,Mammoth,Mammoth_Character_BP_C
Manta,Manta,Manta_Character_BP_C
Megalania,Megalania,Megalania_Character_BP_C
Megaloceros,Stag,Stag_Character_BP_C
Megalodon,Mega,Megalodon_Character_BP_C
Megalosaurus,Megalosaurus,Megalosaurus_Character_BP_C
Meganeura,Dragonfly,Dragonfly_Character_BP_C
Megatherium,Megatherium,Megatherium_Character_BP_C
Mesopithecus,Monkey,Monkey_Character_BP_C
Microraptor,Microraptor,Microraptor_Character_BP_C
Mosasaurus,Mosasaur,Mosa_Character_BP_C
Moschops,Moschops,Moschops_Character_BP_C
Onychonycteris,Bat,Bat_Character_BP_C
Otter,Otter,Otter_Character_BP_C
Oviraptor,Ovi,Oviraptor_Character_BP_C
Ovis,Sheep,Sheep_Character_BP_C
Pachy,Pachy,Pachy_Character_BP_C
Pachyrhinosaurus,Pachyrhinosaurus,Pachyrhino_Character_BP_C
Paraceratherium,Paracer,Paracer_Character_BP_C
Parasaurolophus,Para,Para_Character_BP_C
Pegomastax,Pegomastax,Pegomastax_Character_BP_C
Pelagornis,Pela,Pela_Character_BP_C
Phiomia,Phiomia,Phiomia_Character_BP_C
Piranha,Piranha,Piranha_Character_BP_C
Plesiosaur,Plesiosaur,Plesiosaur_Character_BP_C
Procoptodon,Kangaroo,Procoptodon_Character_BP_C
Pteranodon,Ptera,Ptero_Character_BP_C
Pulmonoscorpius,Scorpion,Scorpion_Character_BP_C
Purlovia,Purlovia,Purlovia_Character_BP_C
Quetzalcoatlus,Quetz,Quetz_Character_BP_C
Raptor,Raptor,Raptor_Character_BP_C
Rex,Rex,Rex_Character_BP_C
Sabertooth,Sabertooth,Saber_Character_BP_C
Sabertooth Salmon,Salmon,Salmon_Character_BP_C
Sarco,Sarco,Sarco_Character_BP_C
Spino,Spino,Spino_Character_BP_C
Stegosaurus,Stego,Stego_Character_BP_C
Tapejara,Tapejara,Tapejara_Character_BP_C
Tek Parasaur,Para,BionicPara_Character_BP_C
Tek Quetzal,Quetz,BionicQuetz_Character_BP_C
Tek Raptor,Raptor,BionicRaptor_Character_BP_C
Tek Rex,Rex,BionicRex_Character_BP_C
Tek Stegosaurus,Stego,BionicStego_Character_BP_C
Terror Bird,TerrorBird,TerrorBird_Character_BP_C
Therizinosaur,Therizinosaurus,Therizino_Character_BP_C
Thylacoleo,Thylacoleo,Thylacoleo_Character_BP_C
Titanoboa,TitanBoa,BoaFrill_Character_BP_C
Titanomyrma,Ant,Ant_Character_BP_C
Titanomyrma,Ant,FlyingAnt_Character_BP_C
Titanosaur,Titan,Titanosaur_Character_BP_C
Triceratops,Trike,Trike_Character_BP_C
Trilobite,Trilobite,Trilobite_Character_C
Troodon,Troodon,Troodon_Character_BP_C
Tusoteuthis,Tusoteuthis,Tusoteuthis_Character_BP_C
Unicorn,Equus,Equus_Character_BP_Unicorn_C
Woolly Rhino,Rhino,Rhino_Character_BP_C
Yeti,Bigfoot,Yeti_Character_BP_C
Yutyrannus,Yutyrannus,Yutyrannus_Character_BP_C
Deathworm,Deathworm,Deathworm_Character_BP_C
Jerboa,Jerboa,Jerboa_Character_BP_C
Jug Bug,Jugbug,Jugbug_Character_BaseBP_C
Oil Jug Bug,OilJugbug,Jugbug_Oil_Character_BP_C
Water Jug Bug,WaterJugbug,Jugbug_Water_Character_BP_C
Lymantria,Moth,Moth_Character_BP_C
Mantis,Mantis,Mantis_Character_BP_C
Morellatops,Camelsaurus,camelsaurus_Character_BP_C
Rock Elemental,RockElemental,RockGolem_Character_BP_C
Rubble Golem,RockElemental,RubbleGolem_Character_BP_C
Thorny Dragon,SpineyLizard,SpineyLizard_Character_BP_C
Vulture,Vulture,Vulture_Character_BP_C
Phoenix,Phoenix,Phoenix_Character_BP_C
Fire Wyvern,FireWyvern,Wyvern_Character_BP_Fire_C
Lightning Wyvern,LightningWyvern,Wyvern_Character_BP_Lightning_C
Poison Wyvern,PoisonWyvern,Wyvern_Character_BP_Poison_C
Griffin,Griffin,Griffin_Character_BP_C
Ice Wyvern,IceWyvern,Ragnarok_Wyvern_Override_Ice_C
Aberrant Achatina,Achatina,Achatina_Character_BP_Aberrant_C
Aberrant Anglerfish,Angler,Angler_Character_BP_Aberrant_C
Aberrant Ankylosaurus,Anky,Ankylo_Character_BP_Aberrant_C
Aberrant Araneo,Spider,SpiderS_Character_BP_Aberrant_C
Aberrant Arthropluera,Arthro,Arthro_Character_BP_Aberrant_C
Aberrant Baryonyx,Baryonyx,Baryonyx_Character_BP_Aberrant_C
Aberrant Beelzebufo,Toad,Toad_Character_BP_Aberrant_C
Aberrant Carbonemys,Turtle,Turtle_Character_BP_Aberrant_C
Aberrant Carnotaurus,Carno,Carno_Character_BP_Aberrant_C
Aberrant Cnidaria,Cnidaria,Cnidaria_Character_BP_Aberrant_C
Aberrant Coelacanth,Coel,Coel_Character_BP_Aberrant_C
Aberrant Dimetrodon,Dimetro,Dimetro_Character_BP_Aberrant_C
Aberrant Dimorphodon,Dimorph,Dimorph_Character_BP_Aberrant_C
Aberrant Diplocaulus,Diplocaulus,Diplocaulus_Character_BP_Aberrant_C
Aberrant Diplodocus,Diplo,Diplodocus_Character_BP_Aberrant_C
Aberrant Dire Bear,Direbear,Direbear_Character_BP_Aberrant_C
Aberrant Dodo,Dodo,Dodo_Character_BP_Aberrant_C
Aberrant Doedicurus,Doed,Doed_Character_BP_Aberrant_C
Aberrant Dung Beetle,Beetle,DungBeetle_Character_BP_Aberrant_C
Aberrant Electrophorus,Eel,Eel_Character_BP_Aberrant_C
Aberrant Equus,Equus,Equus_Character_BP_Aberrant_C
Aberrant Gigantopithecus,Bigfoot,Bigfoot_Character_BP_Aberrant_C
Aberrant Iguanodon,Iguanodon,Iguanodon_Character_BP_Aberrant_C
Aberrant Lystrosaurus,Lystro,Lystro_Character_BP_Aberrant_C
Aberrant Manta,Manta,Manta_Character_BP_Aberrant_C
Aberrant Megalania,Megalania,Megalania_Character_BP_Aberrant_C
Aberrant Megalosaurus,Megalosaurus,Megalosaurus_Character_BP_Aberrant_C
Aberrant Meganeura,Dragonfly,Dragonfly_Character_BP_Aberrant_C
Aberrant Moschops,Moschops,Moschops_Character_BP_Aberrant_C
Aberrant Otter,Otter,Otter_Character_BP_Aberrant_C
Aberrant Ovis,Sheep,Sheep_Character_BP_Aberrant_C
Aberrant Paraceratherium,Paracer,Paracer_Character_BP_Aberrant_C
Aberrant Parasaur,Para,Para_Character_BP_Aberrant_C
Aberrant Piranha,Piranha,Piranha_Character_BP_Aberrant_C
Aberrant Pulmonoscorpius,Scorpion,Scorpion_Character_BP_Aberrant_C
Aberrant Purlovia,Purlovia,Purlovia_Character_BP_Aberrant_C
Aberrant Raptor,Raptor,Raptor_Character_BP_Aberrant_C
Aberrant Sabertooth Salmon,Salmon,Salmon_Character_Aberrant_C
Aberrant Sarco,Sarco,Sarco_Character_BP_Aberrant_C
Aberrant Spino,Spino,Spino_Character_BP_Aberrant_C
Aberrant Stegosaurus,Stego,Stego_Character_BP_Aberrant_C
Aberrant Titanoboa,Titanboa,BoaFrill_Character_BP_Aberrant_C
Aberrant Triceratops,Trike,Trike_Character_BP_Aberrant_C
Aberrant Trilobite,Trilobite,Trilobite_Character_Aberrant_C
Basilisk,Basilisk,Basilisk_Character_BP_C
Bulbdog,Pug,LanternPug_Character_BP_C
Featherlight,LanternBird,LanternBird_Character_BP_C
Glowbug,Lightbug,Lightbug_Character_BaseBP_C
Glowtail,LanternLizard,LanternLizard_Character_BP_C
Karkinos,CaveCrab,Crab_Character_BP_C
Lamprey,Lamprey,Lamprey_Character_C
Nameless,Chupacabra,ChupaCabra_Character_BP_C
Ravager,CaveWolf,CaveWolf_Character_BP_C
Reaper Queen,Xenomorph,Xenomorph_Character_BP_Female_C
Rock Drake,RockDrake,RockDrake_Character_BP_C
Roll Rat,MoleRat,MoleRat_Character_BP_C
Seeker,Seeker,Pteroteuthis_Char_BP_C
Shinehorn,LanternGoat,LanternGoat_Character_BP_C
Defense Unit,EndTank,Defender_Character_BP_C
Enforcer,Enforcer,Enforcer_Character_BP_C
Gacha,Gacha,Gacha_Character_BP_C
Gasbags,GasBags,GasBags_Character_BP_C
Managarmr,Managarmr,IceJumper_Character_BP_C
Scout,Scout,Scout_Character_BP_C
Snow Owl,Owl,Owl_Character_BP_C
Velonasaur,Velonasaur,Spindles_Character_BP_C
Chalk Golem,RockElemental,ChalkGolem_Character_BP_C
Deinonychus,Deinonychus,Deinonychus_Character_BP_C
Ice Golem,RockElemental,IceGolem_Character_BP_C
Astrocetus,SpaceWhale,SpaceWhale_Character_BP_C
Bloodstalker,Bloodstalker,BogSpider_Character_BP_C
Ferox (Large),Bigly,Shapeshifter_Large_Character_BP_C
Ferox,Gremlin,Shapeshifter_Small_Character_BP_C
Insect Swarm,InsectSwarm,InsectSwarmChar_BP_C
Magmasaur,LavaLizard,Cherufe_Character_BP_C
Megachelon,GiantTurtle,GiantTurtle_Character_BP_C
Parakeet Fish School,Swarm,MicrobeSwarmChar_BP_C
Tek Triceratops,Trike,BionicTrike_Character_BP_C
X Allosaurus,Allo,Volcano_Allo_Character_BP_C
X Ankylosaurus,Anky,Volcano_Ankylo_Character_BP_C
X Argentavis,Argent,Snow_Argent_Character_BP_C
X Basilosaurus,Basilosaurus,Ocean_Basilosaurus_Character_BP_C
X Dunkleosteus,Dunkle,Ocean_Dunkle_Character_BP_C
X Ichthyosaurus,Dolphin,Ocean_Dolphin_Character_BP_C
X Megalodon,Mega,Ocean_Megalodon_Character_BP_C
X Mosasaurus,Mosasaur,Ocean_Mosa_Character_BP_C
X Otter,Otter,Snow_Otter_Character_BP_C
X Paraceratherium,Paracer,Bog_Paracer_Character_BP_C
X Parasaur,Para,Bog_Para_Character_BP_C
X Raptor,Raptor,Bog_Raptor_Character_BP_C
X Rex,Rex,Volcano_Rex_Character_BP_C
X Rock Elemental,RockElemental,Volcano_Golem_Character_BP_C
X Sabertooth,Sabertooth,Snow_Saber_Character_BP_C
X Sabertooth Salmon,Salmon,Lunar_Salmon_Character_BP_C
X Spino,Spino,Bog_Spino_Character_BP_C
X Tapejara,Tapejara,Bog_Tapejara_Character_BP_C
X Triceratops,Trike,Volcano_Trike_Character_BP_C
X Woolly Rhino,Rhino,Snow_Rhino_Character_BP_C
X Yutyrannus,Yutyrannus,Snow_Yutyrannus_Character_BP_C
Blood Crystal Wyvern,BloodWyvern,CrystalWyvern_Character_BP_Blood_C
Ember Crystal Wyvern,EmberWyvern,CrystalWyvern_Character_BP_Ember_C
Giant Worker Bee,Bee,HoneyBee_Character_BP_C
Tropeognathus,Tropeognathus,Tropeognathus_Character_BP_C
Tropical Crystal Wyvern,TropicalWyvern,CrystalWyvern_Character_BP_WS_C
Astrodelphis,Astrodelphis,SpaceDolphin_Character_BP_C
Maewing,Maewing,MilkGlider_Character_BP_C
Noglin,BrainSlug,BrainSlug_Character_BP_C
Shadowmane,LionfishLion,LionfishLion_Character_BP_C
Tek Stryder,TekStrider,TekStrider_Character_BP_C
Voidwyrm,TekWyvern,TekWyvern_Character_BP_C
R Allosaurus,Allo,Allo_Character_BP_Rockwell_C
R Carnotaurus,Carno,Carno_Character_BP_Rockwell_C
R Daeodon,Daeodon,Daeodon_Character_BP_Eden_C
R Dilophosaur,Dilo,Dilo_Character_BP_Rockwell_C
R Dire Bear,Direbear,Direbear_Character_BP_Rockwell_C
R Direwolf,Direwolf,Direwolf_Character_BP_Eden_C
R Equus,Equus,Equus_Character_BP_C
R Gasbags,GasBags,GasBags_Character_BP_Eden_C
R Giganotosaurus,Gigant,Gigant_Character_BP_Rockwell_C
R Megatherium,Megatherium,Megatherium_Character_BP_Eden_C
R Snow Owl,Owl,Owl_Character_BP_Eden_C
R Parasaur,Para,Para_Character_BP_Eden_C
R Procoptodon,Kangaroo,Procoptodon_Character_BP_Eden_C
R Quetzal,Quetz,Quetz_Character_BP_Rockwell_C
R Brontosaurus,Bronto,Sauropod_Character_BP_Rockwell_C
R Velonasaur,Velonasaur,Spindles_Character_BP_Rockwell_C
R Thylacoleo,Thylacoleo,Thylacoleo_Character_BP_Eden_C
R Carbonemys,Turtle,Turtle_Character_BP_Rockwell_C
R Reaper Queen,Xenomorph,Xenomorph_Character_BP_Female_Gen2_C
Summoner,Summoner,Summoner_Character_BP_C
Macrophage,Macrophage,Macrophage_Swarm_Character_C